<?xml version="1.0" encoding="UTF-8"?>
<project-private xmlns="http://www.netbeans.org/ns/project-private/1">
    <editor-bookmarks xmlns="http://www.netbeans.org/ns/editor-bookmarks/2" lastBookmarkId="0"/>
    <open-files xmlns="http://www.netbeans.org/ns/projectui-open-files/2">
        <group>
            <file>file:/home/estagiario/repositorio/GerenciadorSerie/src/view/Menu.fxml</file>
            <file>file:/home/estagiario/repositorio/GerenciadorSerie/src/model/Serie.java</file>
            <file>file:/home/estagiario/repositorio/GerenciadorSerie/src/controller/MenuController.java</file>
            <file>file:/home/estagiario/repositorio/GerenciadorSerie/src/controller/IncluirController.java</file>
        </group>
    </open-files>
</project-private>
