<?xml version="1.0"?>
<!DOCTYPE hibernate-mapping PUBLIC "-//Hibernate/Hibernate Mapping DTD 3.0//EN"
"http://www.hibernate.org/dtd/hibernate-mapping-3.0.dtd">
<!-- Generated 03/05/2019 15:42:05 by Hibernate Tools 4.3.1 -->
<hibernate-mapping>
    <class name="model.Serie" table="serie" catalog="series" optimistic-lock="version">
        <id name="id" type="java.lang.Integer">
            <column name="id" />
            <generator class="identity" />
        </id>
        <property name="serie" type="string">
            <column name="serie" length="50" not-null="true" />
        </property>
        <property name="temporadas" type="java.lang.Integer">
            <column name="temporadas" />
        </property>
        <property name="emissora" type="string">
            <column name="emissora" length="20" />
        </property>
        <property name="episodios" type="java.lang.Integer">
            <column name="episodios" />
        </property>
        <property name="classificacao" type="java.lang.Float">
            <column name="classificacao" precision="12" scale="0" />
        </property>
        <property name="status" type="java.lang.Boolean">
            <column name="status" />
        </property>
        <property name="img" type="string">
            <column name="img" />
        </property>
    </class>
</hibernate-mapping>
